Team,Gms,Tot Pts,Pts/G,RushYds,RYds/G,PassYds,PYds/G,TotYds,Yds/G
Baylor Baylor,13,625,48.1,4247,326.7,3678,282.9,7925,609.6
Texas Tech Texas Tech,13,586,45.1,2501,192.4,4896,376.6,7397,569.0
TCU TCU,13,547,42.1,2801,215.5,4435,341.2,7236,556.6
Bowling Green Bowling Green,14,591,42.2,2520,180.0,4911,350.8,7431,530.8
Cincinnati Cincinnati,13,440,33.8,2313,177.9,4534,348.8,6847,526.7
Oregon Oregon,13,559,43.0,3641,280.1,3122,240.2,6763,520.2
Western Kentucky W. Kentucky,14,620,44.3,2165,154.6,5076,362.6,7241,517.2
Oklahoma Oklahoma,13,566,43.5,2887,222.1,3790,291.5,6677,513.6
California California,13,493,37.9,1987,152.8,4683,360.2,6670,513.1
Clemson Clemson,15,577,38.5,3336,222.4,4286,285.7,7622,508.1
Mississippi Mississippi,13,531,40.8,2380,183.1,4213,324.1,6593,507.2
Indiana Indiana,13,475,36.5,2736,210.5,3728,286.8,6464,497.2
Southern Mississippi S. Mississippi,14,559,39.9,2517,179.8,4416,315.4,6933,495.2
Boise State Boise St.,13,508,39.1,2488,191.4,3845,295.8,6333,487.2
Tulsa Tulsa,13,483,37.2,2264,174.2,4050,311.5,6314,485.7
Arizona Arizona,13,486,37.4,2897,222.8,3384,260.3,6281,483.2
North Carolina N. Carolina,14,570,40.7,3146,224.7,3558,254.1,6704,478.9
Western Michigan W. Michigan,13,468,36.0,2648,203.7,3573,274.8,6221,478.5
Memphis Memphis,13,522,40.2,2331,179.3,3884,298.8,6215,478.1
Louisiana Tech Louisiana Tech,13,488,37.5,2078,159.8,4082,314.0,6160,473.8
Houston Houston,14,566,40.4,3308,236.3,3320,237.1,6628,473.4
Oklahoma State Oklahoma St.,13,514,39.5,1644,126.5,4400,338.5,6044,464.9
West Virginia W. Virginia,13,442,34.0,2967,228.2,3062,235.5,6029,463.8
Appalachian State Appalachian St.,13,477,36.7,3522,270.9,2469,189.9,5991,460.8
Toledo Toledo,12,420,35.0,2500,208.3,3016,251.3,5516,459.7
Arizona State Arizona St.,13,450,34.6,2325,178.8,3648,280.6,5973,459.5
Arkansas Arkansas,13,467,35.9,2565,197.3,3394,261.1,5959,458.4
UCLA UCLA,13,419,32.2,2299,176.8,3637,279.8,5936,456.6
Notre Dame Notre Dame,13,445,34.2,2708,208.3,3201,246.2,5909,454.5
Air Force Air Force,14,473,33.8,4472,319.4,1838,131.3,6310,450.7
Middle Tennessee State Mid. Tennessee St.,13,442,34.0,1970,151.5,3877,298.2,5847,449.8
Washington State Washington St.,13,409,31.5,1041,80.1,4764,366.5,5805,446.5
Mississippi State Mississippi St.,13,447,34.4,1873,144.1,3920,301.5,5793,445.6
Nebraska Nebraska,13,427,32.8,2340,180.0,3327,255.9,5667,435.9
South Florida S. Florida,13,437,33.6,3215,247.3,2437,187.5,5652,434.8
Duke Duke,13,410,31.5,2509,193.0,3120,240.0,5629,433.0
LSU LSU,12,394,32.8,3097,258.1,2048,170.7,5145,428.8
Stanford Stanford,14,529,37.8,3130,223.6,2861,204.4,5991,427.9
Ohio State Ohio St.,13,464,35.7,3189,245.3,2355,181.2,5544,426.5
Georgia Southern Georgia S.,13,474,36.5,4719,363.0,778,59.8,5497,422.8
Arkansas State Arkansas St.,13,520,40.0,3017,232.1,2476,190.5,5493,422.5
USC USC,14,475,33.9,2359,168.5,3516,251.1,5875,419.6
Navy Navy,13,478,36.8,4247,326.7,1186,91.2,5433,417.9
Colorado State Colorado St.,13,385,29.6,2572,197.8,2855,219.6,5427,417.5
Georgia State Georgia St.,13,350,26.9,1260,96.9,4162,320.2,5422,417.1
New Mexico State New Mexico St.,12,343,28.6,2182,181.8,2812,234.3,4994,416.2
Alabama Alabama,15,526,35.1,2999,199.9,3214,214.3,6213,414.2
Idaho Idaho,12,364,30.3,1772,147.7,3191,265.9,4963,413.6
BYU BYU,13,438,33.7,1668,128.3,3655,281.2,5323,409.5
Tennessee Tennessee,13,457,35.2,2908,223.7,2404,184.9,5312,408.6
Texas State Texas St.,12,323,26.9,2268,189.0,2626,218.8,4894,407.8
Florida State Florida St.,13,412,31.7,2187,168.2,3103,238.7,5290,406.9
Texas A&M Texas A&M,13,361,27.8,2198,169.1,3073,236.4,5271,405.5
Ohio Ohio,13,358,27.5,2357,181.3,2849,219.2,5206,400.5
East Carolina E. Carolina,12,329,27.4,1618,134.8,3176,264.7,4794,399.5
North Carolina State N. Carolina St.,13,432,33.2,2633,202.5,2519,193.8,5152,396.3
Louisville Louisville,13,373,28.7,2228,171.4,2877,221.3,5105,392.7
UNLV UNLV,12,343,28.6,2319,193.2,2384,198.7,4703,391.9
Marshall Marshall,13,407,31.3,2198,169.1,2880,221.5,5078,390.6
Iowa State Iowa St.,12,300,25.0,2184,182.0,2487,207.2,4671,389.2
Michigan Michigan,13,408,31.4,2057,158.2,2995,230.4,5052,388.6
San Jose State San Jose St.,13,363,27.9,2378,182.9,2657,204.4,5035,387.3
Washington Washington,13,398,30.6,2130,163.8,2887,222.1,5017,385.9
Massachusetts Massachusetts,12,266,22.2,1707,142.2,2917,243.1,4624,385.3
Miami Miami,13,361,27.8,1548,119.1,3458,266.0,5006,385.1
Northern Illinois N. Illinois,14,436,31.1,2660,190.0,2727,194.8,5387,384.8
Central Michigan Central Michigan,13,336,25.8,1301,100.1,3689,283.8,4990,383.8
Rice Rice,12,313,26.1,2137,178.1,2463,205.2,4600,383.3
New Mexico New Mexico,13,389,29.9,3313,254.8,1655,127.3,4968,382.2
Buffalo Buffalo,12,320,26.7,1648,137.3,2874,239.5,4522,376.8
Michigan State Michigan St.,14,417,29.8,2128,152.0,3134,223.9,5262,375.9
Colorado Colorado,13,320,24.6,2048,157.5,2825,217.3,4873,374.8
Virginia Virginia,12,309,25.8,1737,144.8,2732,227.7,4469,372.4
Iowa Iowa,14,433,30.9,2544,181.7,2641,188.6,5185,370.4
Louisiana-Lafayette La.-Lafayette,12,317,26.4,2063,171.9,2369,197.4,4432,369.3
Georgia Georgia,13,342,26.3,2498,192.2,2301,177.0,4799,369.2
Georgia Tech Georgia Tech,12,351,29.2,3080,256.7,1340,111.7,4420,368.3
Eastern Michigan E. Michigan,12,305,25.4,1939,161.6,2467,205.6,4406,367.2
San Diego State San Diego St.,14,450,32.1,3266,233.3,1869,133.5,5135,366.8
Wisconsin Wisconsin,13,348,26.8,1954,150.3,2806,215.8,4760,366.2
Virginia Tech Virginia Tech,13,403,31.0,2071,159.3,2686,206.6,4757,365.9
Ball State Ball St.,12,277,23.1,1840,153.3,2541,211.8,4381,365.1
Florida Atlantic Florida Atlantic,12,270,22.5,1953,162.8,2410,200.8,4363,363.6
Maryland Maryland,12,296,24.7,2413,201.1,1942,161.8,4355,362.9
Pittsburgh Pittsburgh,13,367,28.2,2429,186.8,2285,175.8,4714,362.6
Nevada Nevada,13,341,26.2,2738,210.6,1967,151.3,4705,361.9
Temple Temple,14,417,29.8,2097,149.8,2940,210.0,5037,359.8
Rutgers Rutgers,12,325,27.1,2039,169.9,2278,189.8,4317,359.8
Utah State Utah St.,13,377,29.0,2146,165.1,2524,194.2,4670,359.2
Auburn Auburn,13,357,27.5,2552,196.3,2116,162.8,4668,359.1
SMU SMU,12,333,27.8,1978,164.8,2327,193.9,4305,358.8
Old Dominion Old Dominion,12,291,24.2,1821,151.8,2475,206.2,4296,358.0
Illinois Illinois,12,272,22.7,1551,129.2,2741,228.4,4292,357.7
Kentucky Kentucky,12,296,24.7,1952,162.7,2321,193.4,4273,356.1
Purdue Purdue,12,301,25.1,1576,131.3,2675,222.9,4251,354.2
Texas Texas,12,317,26.4,2698,224.8,1539,128.2,4237,353.1
Utah Utah,13,398,30.6,2381,183.2,2181,167.8,4562,350.9
Minnesota Minnesota,13,292,22.5,1873,144.1,2676,205.8,4549,349.9
Troy Troy,12,335,27.9,1432,119.3,2765,230.4,4197,349.8
Akron Akron,13,311,23.9,2148,165.2,2382,183.2,4530,348.5
South Carolina S. Carolina,12,263,21.9,1856,154.7,2325,193.8,4181,348.4
South Alabama S. Alabama,12,300,25.0,1930,160.8,2192,182.7,4122,343.5
Wyoming Wyoming,12,228,19.0,2093,174.4,2001,166.8,4094,341.2
UTSA UTSA,12,271,22.6,2017,168.1,2048,170.7,4065,338.8
UTEP UTEP,12,248,20.7,1775,147.9,2281,190.1,4056,338.0
FIU FIU,12,306,25.5,1319,109.9,2669,222.4,3988,332.3
Penn State Penn St.,13,301,23.2,1741,133.9,2558,196.8,4299,330.7
Army Army,12,265,22.1,2931,244.2,1025,85.4,3956,329.7
Oregon State Oregon St.,12,228,19.0,2128,177.3,1784,148.7,3912,326.0
Miami (OH) Miami (OH),12,215,17.9,1556,129.7,2355,196.2,3911,325.9
Charlotte Charlotte,12,210,17.5,1963,163.6,1834,152.8,3797,316.4
Kansas State Kansas St.,13,389,29.9,2041,157.0,2066,158.9,4107,315.9
Florida Florida,14,325,23.2,1772,126.6,2636,188.3,4408,314.9
Northwestern Northwestern,13,254,19.5,2451,188.5,1614,124.2,4065,312.7
Vanderbilt Vanderbilt,12,182,15.2,1864,155.3,1884,157.0,3748,312.3
Kansas Kansas,12,183,15.2,1367,113.9,2375,197.9,3742,311.8
Wake Forest Wake Forest,12,209,17.4,1268,105.7,2466,205.5,3734,311.2
Syracuse Syracuse,12,327,27.2,1956,163.0,1769,147.4,3725,310.4
North Texas N. Texas,12,182,15.2,1924,160.3,1734,144.5,3658,304.8
Tulane Tulane,12,236,19.7,1389,115.8,2240,186.7,3629,302.4
Fresno State Fresno St.,12,267,22.2,1642,136.8,1957,163.1,3599,299.9
Hawaii Hawaii,13,229,17.6,1611,123.9,2284,175.7,3895,299.6
Louisiana-Monroe La.-Monroe,13,273,21.0,1338,102.9,2528,194.5,3866,297.4
Connecticut Connecticut,13,223,17.2,1622,124.8,2232,171.7,3854,296.5
Missouri Missouri,12,163,13.6,1385,115.4,1810,150.8,3195,266.2
Kent State Kent St.,12,157,13.1,1623,135.2,1570,130.8,3193,266.1
Boston College Boston College,12,206,17.2,1980,165.0,1168,97.3,3148,262.3
UCF UCF,12,167,13.9,971,80.9,2083,173.6,3054,254.5
