Team,Gms,Att,Yds,Avg,TD,FD,Yds/G
Indiana Indiana,13,381,1043,2.74,12,68,80.2
Mississippi Mississippi,13,456,1046,2.29,7,76,80.5
Ohio State Ohio St.,16,530,1402,2.65,13,97,87.6
Michigan Michigan,13,385,1179,3.06,10,81,90.7
Ohio Ohio,14,429,1279,2.98,14,81,91.4
UCLA UCLA,12,345,1154,3.34,17,70,96.2
SMU SMU,14,483,1403,2.90,13,85,100.2
Nebraska Nebraska,13,390,1316,3.37,8,69,101.2
Penn State Penn St.,16,534,1630,3.05,10,115,101.9
Tennessee Tennessee,13,455,1351,2.97,13,86,103.9
UTSA UTSA,13,461,1421,3.08,19,78,109.3
Minnesota Minnesota,13,407,1425,3.50,14,77,109.6
California California,13,437,1428,3.27,19,74,109.8
Texas Texas,16,542,1758,3.24,15,104,109.9
Memphis Memphis,13,367,1453,3.96,21,71,111.8
Army Army,14,380,1568,4.13,12,98,112.0
Northern Illinois N. Illinois,13,412,1459,3.54,10,89,112.2
South Carolina S. Carolina,13,454,1459,3.21,18,95,112.2
Miami Miami,13,391,1466,3.75,16,79,112.8
Pittsburgh Pittsburgh,13,476,1466,3.08,18,89,112.8
Arizona State Arizona St.,14,431,1584,3.68,19,95,113.1
Boston College Boston College,13,412,1490,3.62,16,86,114.6
UNLV UNLV,14,457,1610,3.52,17,94,115.0
Oklahoma Oklahoma,13,476,1496,3.14,11,81,115.1
Iowa Iowa,13,406,1499,3.69,4,93,115.3
James Madison James Madison,13,430,1500,3.49,13,86,115.4
Auburn Auburn,12,459,1413,3.08,18,90,117.8
Kansas State Kansas St.,13,433,1543,3.56,15,87,118.7
UCF UCF,12,412,1444,3.50,14,82,120.3
Georgia Tech Georgia Tech,13,390,1588,4.07,15,91,122.2
Boise State Boise St.,14,453,1712,3.78,15,95,122.3
Michigan State Michigan St.,12,404,1501,3.72,19,77,125.1
BYU BYU,13,426,1642,3.85,18,97,126.3
Arkansas Arkansas,13,463,1681,3.63,15,85,129.3
Utah Utah,12,404,1553,3.84,13,81,129.4
Northwestern Northwestern,12,390,1560,4.00,22,89,130.0
Georgia Georgia,14,489,1822,3.73,14,98,130.1
Oregon Oregon,14,440,1822,4.14,16,97,130.1
Connecticut Connecticut,13,453,1720,3.80,16,96,132.3
Louisville Louisville,13,464,1723,3.71,15,105,132.5
Stanford Stanford,12,379,1595,4.21,21,87,132.9
Texas A&M Texas A&M,13,442,1757,3.98,14,102,135.2
Houston Houston,12,416,1622,3.90,14,90,135.2
Louisiana Tech Louisiana Tech,13,492,1762,3.58,21,107,135.5
Missouri Missouri,13,435,1771,4.07,15,93,136.2
Miami (OH) Miami (OH),14,491,1920,3.91,18,116,137.1
Maryland Maryland,12,426,1650,3.87,19,98,137.5
Alabama Alabama,13,487,1792,3.68,10,100,137.8
Notre Dame Notre Dame,16,584,2209,3.78,16,126,138.1
LSU LSU,13,426,1823,4.28,26,100,140.2
Vanderbilt Vanderbilt,13,427,1830,4.29,13,105,140.8
Fresno State Fresno St.,13,476,1834,3.85,14,112,141.1
USC USC,13,405,1840,4.54,19,95,141.5
Texas State Texas St.,13,479,1876,3.92,24,102,144.3
West Virginia W. Virginia,13,444,1878,4.23,28,109,144.5
Sam Houston State Sam Houston St.,13,475,1879,3.96,17,111,144.5
South Alabama S. Alabama,13,454,1881,4.14,19,101,144.7
Virginia Virginia,12,422,1743,4.13,20,98,145.2
Troy Troy,12,404,1744,4.32,24,88,145.3
Tulane Tulane,14,455,2049,4.50,20,102,146.4
Buffalo Buffalo,13,467,1910,4.09,17,97,146.9
Virginia Tech Virginia Tech,13,488,1912,3.92,17,107,147.1
San Jose State San Jose St.,13,545,1921,3.52,25,124,147.8
Bowling Green Bowling Green,13,442,1923,4.35,14,101,147.9
Illinois Illinois,13,441,1937,4.39,12,117,149.0
Duke Duke,13,518,1942,3.75,15,113,149.4
North Carolina N. Carolina,13,493,1942,3.94,21,114,149.4
Florida Florida,13,512,1945,3.80,17,121,149.6
Syracuse Syracuse,13,389,1946,5.00,19,93,149.7
Toledo Toledo,13,525,1965,3.74,16,115,151.2
Colorado Colorado,13,509,1968,3.87,17,124,151.4
Baylor Baylor,13,492,1978,4.02,17,104,152.2
Texas Tech Texas Tech,13,444,1985,4.47,28,99,152.7
Air Force Air Force,12,402,1841,4.58,23,89,153.4
Kansas Kansas,12,412,1846,4.48,10,115,153.8
Louisiana Louisiana,14,477,2159,4.53,20,131,154.2
Liberty Liberty,12,463,1857,4.01,21,95,154.8
Navy Navy,13,487,2043,4.20,17,116,157.2
Wake Forest Wake Forest,12,414,1887,4.56,20,121,157.2
NC State NC St.,13,421,2051,4.87,25,100,157.8
South Florida S. Florida,13,509,2051,4.03,25,110,157.8
TCU TCU,13,495,2081,4.20,21,131,160.1
Colorado State Colorado St.,13,457,2082,4.56,21,101,160.2
Clemson Clemson,14,477,2249,4.71,18,118,160.6
Rice Rice,12,471,1929,4.10,17,109,160.8
Washington Washington,13,461,2104,4.56,20,123,161.8
Cincinnati Cincinnati,12,414,1945,4.70,15,92,162.1
Kentucky Kentucky,12,436,1949,4.47,20,105,162.4
Rutgers Rutgers,13,406,2116,5.21,26,108,162.8
Eastern Michigan E. Michigan,12,433,1962,4.53,19,103,163.5
Wisconsin Wisconsin,12,428,1980,4.63,20,106,165.0
Hawaii Hawaii,12,426,1988,4.67,20,102,165.7
Central Michigan Central Michigan,12,445,2037,4.58,20,99,169.8
Georgia Southern Georgia S.,13,447,2210,4.94,23,105,170.0
East Carolina E. Carolina,13,543,2212,4.07,21,112,170.2
Washington State Washington St.,13,427,2237,5.24,23,110,172.1
Old Dominion Old Dominion,12,485,2071,4.27,18,116,172.6
Jacksonville State Jacksonville St.,14,574,2447,4.26,21,128,174.8
Arizona Arizona,12,430,2105,4.90,25,113,175.4
Kennesaw State Kennesaw St.,12,458,2111,4.61,25,119,175.9
Ball State Ball St.,12,404,2120,5.25,24,100,176.7
Marshall Marshall,13,527,2327,4.42,21,120,179.0
UTEP UTEP,12,501,2160,4.31,25,100,180.0
Tulsa Tulsa,12,447,2169,4.85,27,99,180.8
Akron Akron,12,473,2179,4.61,23,101,181.6
Florida Atlantic Florida Atlantic,12,450,2202,4.89,18,112,183.5
Florida State Florida St.,12,477,2216,4.65,21,116,184.7
Oregon State Oregon St.,12,419,2230,5.32,26,116,185.8
Coastal Carolina Coastal Carolina,13,512,2419,4.72,22,129,186.1
Iowa State Iowa St.,14,493,2637,5.35,19,121,188.4
FIU FIU,12,492,2296,4.67,28,123,191.3
Wyoming Wyoming,12,420,2300,5.48,21,104,191.7
Western Michigan W. Michigan,13,500,2502,5.00,28,131,192.5
Nevada Nevada,13,496,2506,5.05,31,134,192.8
New Mexico State New Mexico St.,12,459,2343,5.10,29,112,195.2
North Texas N. Texas,13,544,2547,4.68,28,132,195.9
Middle Tennessee Mid. Tennessee,12,466,2364,5.07,26,124,197.0
Appalachian State Appalachian St.,11,412,2177,5.28,24,118,197.9
Massachusetts Massachusetts,12,454,2375,5.23,32,127,197.9
Purdue Purdue,12,472,2400,5.08,33,132,200.0
Louisiana-Monroe La.-Monroe,12,493,2413,4.89,27,145,201.1
San Diego State San Diego St.,12,509,2487,4.89,25,135,207.2
Georgia State Georgia St.,12,483,2524,5.23,28,129,210.3
Charlotte Charlotte,12,485,2528,5.21,29,140,210.7
Arkansas State Arkansas St.,13,484,2761,5.70,32,135,212.4
New Mexico New Mexico,12,471,2555,5.42,27,126,212.9
UAB UAB,12,505,2561,5.07,31,141,213.4
Utah State Utah St.,12,478,2574,5.38,27,112,214.5
Oklahoma State Oklahoma St.,12,477,2580,5.41,28,136,215.0
Mississippi State Mississippi St.,12,523,2603,4.98,24,130,216.9
Western Kentucky W. Kentucky,14,619,3097,5.00,26,163,221.2
Temple Temple,12,490,2721,5.55,30,120,226.8
Southern Miss S. Miss,12,474,2792,5.89,31,131,232.7
Kent State Kent St.,12,539,3189,5.92,36,160,265.8
